{"fullscreen":true,"width":320,"height":240,"scale":1,"debug":true,"clearColor":[0.3803921568627451,0.7294117647058823,1,1]}